,eval_loss,eval_accuracy,eval_macro_f1,eval_runtime,eval_samples_per_second,eval_steps_per_second,epoch,objective,timestamp,checkpoint_dir_name,should_checkpoint,done,training_iteration,trial_id,date,time_this_iter_s,time_total_s,pid,hostname,node_ip,time_since_restore,iterations_since_restore,config/num_train_epochs,config/learning_rate,config/weight_decay,config/lr_scheduler_type,config/warmup_steps,config/seed,config/per_device_train_batch_size,logdir
0,1.7220839262008667,0.01527331189710611,0.009328674681023674,36.4769,34.104,4.277,1.0,0.024601986578129783,1751837344,checkpoint_000000,True,False,1,f428e821,2025-07-06_21-29-05,644.4026548862457,644.4026548862457,31200,140-245-28-114,10.19.101.192,644.4026548862457,1,1,0.0009940259455788953,0.02188251173223349,polynomial,1014.7611673744833,52.36633305072672,12,f428e821
1,3.6639227867126465,0.0707395498392283,0.06627752832461178,36.4439,34.135,4.281,1.0,0.13701707816384007,1751837997,checkpoint_000000,True,False,1,224f053f,2025-07-06_21-39-58,647.0273125171661,647.0273125171661,35488,140-245-28-114,10.19.101.192,647.0273125171661,1,1,0.0005318440131389934,0.021896514438023273,cosine,1250.4750534863158,45.6963517701219,12,224f053f
2,4.672469139099121,0.06109324758842444,0.057121125661508065,36.4227,34.155,4.283,1.0,0.1182143732499325,1751838649,checkpoint_000000,True,False,1,33b0335e,2025-07-06_21-50-50,645.590437412262,645.590437412262,40382,140-245-28-114,10.19.101.192,645.590437412262,1,1,0.0003702860040629851,0.13011018658565715,cosine,948.4302148178223,65.89231382605021,12,33b0335e
3,1.6310744285583496,0.23392282958199356,0.1593843919793287,36.3941,34.181,4.286,1.0,0.39330722156132225,1751839295,checkpoint_000000,True,False,1,aecd202c,2025-07-06_22-01-36,639.6337406635284,639.6337406635284,44227,140-245-28-114,10.19.101.192,639.6337406635284,1,1,3.2482360453961127e-06,0.21360353715760125,cosine,1529.394835684072,8.292220414941475,12,aecd202c
4,3.929037094116211,0.17845659163987138,0.12663258083649775,36.4072,34.169,4.285,1.0,0.30508917247636913,1751839947,checkpoint_000000,True,False,1,163a31b0,2025-07-06_22-12-28,645.9183671474457,645.9183671474457,47638,140-245-28-114,10.19.101.192,645.9183671474457,1,1,0.00031210256398453754,0.09109977089424955,linear,857.9097932065162,4.342070831473677,12,163a31b0
5,2.047930955886841,0.21945337620578778,0.19042789937964794,36.4928,34.089,4.275,1.0,0.40988127558543574,1751840602,checkpoint_000000,True,False,1,fb3117bd,2025-07-06_22-23-23,648.6470503807068,648.6470503807068,50779,140-245-28-114,10.19.101.192,648.6470503807068,1,1,4.7614947887218364e-05,0.14830580358125262,cosine,1757.1458591115484,30.425606473084677,12,fb3117bd
6,2.022923469543457,0.17926045016077172,0.1086696578232472,36.4643,34.116,4.278,1.0,0.2879301079840189,1751841251,checkpoint_000000,True,False,1,719273cc,2025-07-06_22-34-12,642.6306617259979,642.6306617259979,53991,140-245-28-114,10.19.101.192,642.6306617259979,1,1,1.8791543340099384e-05,0.2261563663749384,polynomial,1970.4562542803485,49.621748624192676,12,719273cc
7,2.0442585945129395,0.20176848874598072,0.16939059075667012,36.4843,34.097,4.276,1.0,0.3711590795026508,1751841903,checkpoint_000000,True,False,1,d6e9a2b7,2025-07-06_22-45-04,645.3037967681885,645.3037967681885,57134,140-245-28-114,10.19.101.192,645.3037967681885,1,1,1.1172937165464528e-05,0.020969955595409817,cosine,166.1912545814232,32.57021578264001,12,d6e9a2b7
8,1.643265962600708,0.25562700964630225,0.163478289872313,36.4627,34.117,4.278,1.0,0.41910529951861525,1751842552,checkpoint_000000,True,False,1,6438d2d6,2025-07-06_22-55-53,643.4988236427307,643.4988236427307,60341,140-245-28-114,10.19.101.192,643.4988236427307,1,1,1.3560503484205094e-06,0.009750595351495594,cosine,828.8834272342748,60.241985671939645,12,6438d2d6
9,1.9465981721878052,0.1872990353697749,0.14967689108863347,36.4147,34.162,4.284,1.0,0.33697592645840835,1751843203,checkpoint_000000,True,False,1,cb6fac3c,2025-07-06_23-06-44,644.4390020370483,644.4390020370483,63480,140-245-28-114,10.19.101.192,644.4390020370483,1,1,1.5481640791903693e-05,0.022147545694002124,polynomial,1624.2104165317858,55.983149792014,12,cb6fac3c
10,2.116285562515259,0.18890675241157556,0.14419045521657384,36.4327,34.145,4.282,1.0,0.3330972076281494,1751843853,checkpoint_000000,True,False,1,9552c0f7,2025-07-06_23-17-33,644.1293079853058,644.1293079853058,66742,140-245-28-114,10.19.101.192,644.1293079853058,1,1,2.108975952139533e-05,0.22739608996516494,cosine,1787.935142101229,56.07782721844592,12,9552c0f7
11,2.7768898010253906,0.23311897106109325,0.18771357815292278,36.4564,34.123,4.279,1.0,0.420832549214016,1751844505,checkpoint_000000,True,False,1,fde4978f,2025-07-06_23-28-26,646.4358167648315,646.4358167648315,69974,140-245-28-114,10.19.101.192,646.4358167648315,1,1,0.0001095446942704984,0.1989685015090163,polynomial,1192.1789115890356,23.917834053888164,12,fde4978f
12,1.4951798915863037,0.3094855305466238,0.11817065684469,36.3679,34.206,4.29,1.0,0.42765618739131384,1751845157,checkpoint_000000,True,False,1,e30ea783,2025-07-06_23-39-17,644.805896282196,644.805896282196,73116,140-245-28-114,10.19.101.192,644.805896282196,1,1,0.0005102568945792329,0.2439540306661066,cosine,151.35266586181083,20.46670045111866,12,e30ea783
13,2.4208219051361084,0.21221864951768488,0.18493272695287982,36.4,34.176,4.286,1.0,0.3971513764705647,1751845804,checkpoint_000000,True,False,1,5aa5c613,2025-07-06_23-50-05,641.4522151947021,641.4522151947021,76279,140-245-28-114,10.19.101.192,641.4522151947021,1,1,1.9601802301030896e-05,0.10855826338283187,linear,542.7155443492084,62.93743758258342,12,5aa5c613
14,1.8644946813583374,0.21463022508038584,0.15147058823529413,36.406,34.17,4.285,1.0,0.36610081331568,1751846453,checkpoint_000000,True,False,1,dbf3e3b4,2025-07-07_00-00-54,642.413801908493,642.413801908493,79478,140-245-28-114,10.19.101.192,642.413801908493,1,1,7.387811708390739e-06,0.2476892426094187,polynomial,1697.2588971017583,68.44538359022148,12,dbf3e3b4
15,1.599317193031311,0.295016077170418,0.1485912033654936,36.4529,34.126,4.279,1.0,0.4436072805359116,1751847107,checkpoint_000000,True,False,1,d8b188ee,2025-07-07_00-11-48,648.0045869350433,648.0045869350433,82939,140-245-28-114,10.19.101.192,648.0045869350433,1,1,1.6159833177785287e-06,0.2583690034976946,linear,1865.013617409512,29.928677881904775,12,d8b188ee
16,1.771986961364746,0.21061093247588425,0.15058790103782,36.4487,34.13,4.28,1.0,0.36119883351370424,1751847761,checkpoint_000000,True,False,1,87ad0c28,2025-07-07_00-22-41,647.682226896286,647.682226896286,86277,140-245-28-114,10.19.101.192,647.682226896286,1,1,2.1884069267272345e-06,0.22255763294368833,cosine,499.38854395011157,29.09233654262733,12,87ad0c28
17,1.7492271661758423,0.22266881028938906,0.14597771630914158,36.381,34.194,4.288,1.0,0.36864652659853064,1751848409,checkpoint_000000,True,False,1,477e4b2e,2025-07-07_00-33-30,642.2845668792725,642.2845668792725,89466,140-245-28-114,10.19.101.192,642.2845668792725,1,1,4.700534579480222e-06,0.13201231386595585,linear,1144.3225765303937,69.28961354620267,12,477e4b2e
18,1.6855765581130981,0.23392282958199356,0.16244652783114322,36.4592,34.12,4.279,1.0,0.3963693574131368,1751849061,checkpoint_000000,True,False,1,be12b4e5,2025-07-07_00-44-22,645.1024167537689,645.1024167537689,92596,140-245-28-114,10.19.101.192,645.1024167537689,1,1,1.3065088785149098e-06,0.288621689593183,cosine,106.07110724508766,88.96756710041493,12,be12b4e5
19,4.09817361831665,0.1382636655948553,0.13116562641998628,36.4688,34.111,4.278,1.0,0.26942929201484156,1751849716,checkpoint_000000,True,False,1,c461689f,2025-07-07_00-55-16,648.5300345420837,648.5300345420837,97010,140-245-28-114,10.19.101.192,648.5300345420837,1,1,0.0004837084516099478,0.23833187567027472,linear,985.2654559677205,12.65123670337196,12,c461689f
20,2.6930320262908936,0.2090032154340836,0.15968508205760168,36.4565,34.123,4.279,1.0,0.3686882974916853,1751850360,checkpoint_000000,True,False,1,5e72fc69,2025-07-07_01-06-01,638.1491303443909,638.1491303443909,101155,140-245-28-114,10.19.101.192,638.1491303443909,1,1,7.280722629120436e-05,0.1790923720351733,polynomial,1389.499521066117,39.59409823093742,12,5e72fc69
21,2.278146743774414,0.23392282958199356,0.20791112342361728,36.4045,34.172,4.285,1.0,0.44183395300561085,1751851009,checkpoint_000000,True,False,1,f9ca22bb,2025-07-07_01-16-49,642.1124477386475,642.1124477386475,104422,140-245-28-114,10.19.101.192,642.1124477386475,1,1,6.982215497850293e-05,0.18823303455867524,polynomial,1364.9469548579111,19.356628160569812,12,f9ca22bb
22,2.2692785263061523,0.21141479099678456,0.16875976113918237,36.5103,34.073,4.273,1.0,0.38017455213596696,1751851660,checkpoint_000000,True,False,1,8294a457,2025-07-07_01-27-40,645.4189994335175,645.4189994335175,107588,140-245-28-114,10.19.101.192,645.4189994335175,1,1,6.315251215995622e-05,0.07356760904074228,polynomial,1494.28428878122,17.601120889657416,12,8294a457
23,2.7801613807678223,0.2202572347266881,0.14748747648569843,36.4804,34.1,4.276,1.0,0.3677447112123865,1751852309,checkpoint_000000,True,False,1,552b55ea,2025-07-07_01-38-29,642.9436070919037,642.9436070919037,110790,140-245-28-114,10.19.101.192,642.9436070919037,1,1,0.00013288943679499364,0.16605302430729174,polynomial,1975.0988513927964,38.180639229574986,12,552b55ea
24,2.659245729446411,0.1977491961414791,0.16938829600612146,36.4107,34.166,4.284,1.0,0.36713749214760055,1751852961,checkpoint_000000,True,False,1,4734f3d7,2025-07-07_01-49-21,645.790277004242,645.790277004242,113957,140-245-28-114,10.19.101.192,645.790277004242,1,1,3.997282532482162e-05,0.058568803086281054,polynomial,1342.9234472692492,0.4659166132029924,12,4734f3d7
25,2.586836576461792,0.2162379421221865,0.1288560302761511,36.4547,34.125,4.279,1.0,0.3450939723983376,1751853609,checkpoint_000000,True,False,1,ec26fdda,2025-07-07_02-00-10,642.4432644844055,642.4432644844055,117166,140-245-28-114,10.19.101.192,642.4432644844055,1,1,0.00015958650163788203,0.1576806022250711,cosine,1667.3734881395435,78.57927140121573,12,ec26fdda
26,2.17326021194458,0.1945337620578778,0.15472719004528257,36.3987,34.177,4.286,1.0,0.3492609521031604,1751854261,checkpoint_000000,True,False,1,40e56730,2025-07-07_02-11-01,644.6657445430756,644.6657445430756,120467,140-245-28-114,10.19.101.192,644.6657445430756,1,1,3.835883987394776e-05,0.18780093916638782,polynomial,1433.04153680057,11.899928184283901,12,40e56730
27,4.806552410125732,0.09646302250803858,0.04599155381823258,36.3914,34.184,4.287,1.0,0.14245457632627118,1751854908,checkpoint_000000,True,False,1,af59b5e8,2025-07-07_02-21-48,640.7863039970398,640.7863039970398,123684,140-245-28-114,10.19.101.192,640.7863039970398,1,1,0.0002145904607352297,0.27418603113449613,cosine,665.8101051631554,41.45387019583532,12,af59b5e8
28,2.40486216545105,0.21221864951768488,0.1610395852562198,36.4446,34.134,4.28,1.0,0.3732582347739047,1751855559,checkpoint_000000,True,False,1,2069b54f,2025-07-07_02-32-40,644.9883947372437,644.9883947372437,126884,140-245-28-114,10.19.101.192,644.9883947372437,1,1,6.850895256399223e-05,0.13409215271380792,polynomial,1845.0488937691619,23.739539124461658,12,2069b54f
29,1.7116912603378296,0.2387459807073955,0.1908615150172788,36.3945,34.181,4.286,1.0,0.42960749572467427,1751856208,checkpoint_000000,True,False,1,f7a1b6e8,2025-07-07_02-43-29,643.0589888095856,643.0589888095856,131204,140-245-28-114,10.19.101.192,643.0589888095856,1,1,2.839638648251668e-05,0.048861380266792445,polynomial,1289.068373305305,35.10209995851759,12,f7a1b6e8
30,4.475499153137207,0.1342443729903537,0.13267401128925926,36.3743,34.2,4.289,1.0,0.26691838427961295,1751856853,checkpoint_000000,True,False,1,504afd34,2025-07-07_02-54-13,638.5186257362366,638.5186257362366,134369,140-245-28-114,10.19.101.192,638.5186257362366,1,1,0.0008503856970363493,0.10416243507979686,cosine,1752.9486873232047,44.31719246638723,12,504afd34
31,1.789362907409668,0.20016077170418006,0.1572138047138047,36.3991,34.177,4.286,1.0,0.35737457641798476,1751857504,checkpoint_000000,True,False,1,cd14e116,2025-07-07_03-05-05,644.8846192359924,644.8846192359924,137599,140-245-28-114,10.19.101.192,644.8846192359924,1,1,8.003388064266313e-06,0.04938191018147976,polynomial,1274.677539693204,0.005750806051032953,12,cd14e116
32,2.149437427520752,0.21302250803858522,0.17058228534815545,36.3985,34.177,4.286,1.0,0.3836047933867407,1751858153,checkpoint_000000,True,False,1,b750378a,2025-07-07_03-15-53,642.4842369556427,642.4842369556427,141154,140-245-28-114,10.19.101.192,642.4842369556427,1,1,2.655177277627392e-05,0.20211063261104212,polynomial,1079.3898760005745,98.8476254026821,12,b750378a
33,3.5077898502349854,0.21463022508038584,0.16644951702654154,36.4676,34.112,4.278,1.0,0.3810797421069274,1751858802,checkpoint_000000,True,False,1,d788d7ff,2025-07-07_03-26-43,642.6690983772278,642.6690983772278,144345,140-245-28-114,10.19.101.192,642.6690983772278,1,1,0.00010137750332490126,0.05035364649946192,polynomial,1550.6235340712278,49.82519389691943,12,d788d7ff
34,3.6891117095947266,0.10530546623794212,0.08244982199160042,36.411,34.165,4.284,1.0,0.18775528822954254,1751859447,checkpoint_000000,True,False,1,efc45d0e,2025-07-07_03-37-28,638.3926873207092,638.3926873207092,147540,140-245-28-114,10.19.101.192,638.3926873207092,1,1,0.00026951087515134656,0.08648153995633431,polynomial,858.8928742321997,34.49947318222372,12,efc45d0e
35,1.7127971649169922,0.23311897106109325,0.17383807730191567,36.4766,34.104,4.277,1.0,0.40695704836300894,1751860097,checkpoint_000000,True,False,1,91565cb1,2025-07-07_03-48-18,644.697427034378,644.697427034378,150688,140-245-28-114,10.19.101.192,644.697427034378,1,1,4.2068357505028585e-06,0.173577998247557,polynomial,1275.1770942123978,14.696870223442424,12,91565cb1
36,2.273674964904785,0.21061093247588425,0.1826300901624325,36.4295,34.148,4.282,1.0,0.39324102263831673,1751860746,checkpoint_000000,True,False,1,a6274017,2025-07-07_03-59-06,642.0019378662109,642.0019378662109,154658,140-245-28-114,10.19.101.192,642.0019378662109,1,1,3.051940749673791e-05,0.10707588885844535,polynomial,1078.8637619865428,7.926885645372995,12,a6274017
37,1.4940379858016968,0.3094855305466238,0.11817065684469,36.396,34.18,4.286,1.0,0.42765618739131384,1751861395,checkpoint_000000,True,False,1,fe15ea65,2025-07-07_04-09-56,643.2282025814056,643.2282025814056,159746,140-245-28-114,10.19.101.192,643.2282025814056,1,1,0.0009696074805511746,0.037284677519481536,linear,729.0291589542021,5.457162498889627,12,fe15ea65
38,2.041256904602051,0.1945337620578778,0.15932416823253118,36.4551,34.124,4.279,1.0,0.353857930290409,1751862046,checkpoint_000000,True,False,1,9853af63,2025-07-07_04-20-46,644.93838763237,644.93838763237,163252,140-245-28-114,10.19.101.192,644.93838763237,1,1,1.2699076893234245e-05,0.1235659936922704,polynomial,305.9477308214218,25.018196682618672,12,9853af63
39,1.8845202922821045,0.1535369774919614,0.1366426947402378,36.3981,34.178,4.286,1.0,0.2901796722321992,1751862695,checkpoint_000000,True,False,1,6c1e24bf,2025-07-07_04-31-36,643.02259516716,643.02259516716,166488,140-245-28-114,10.19.101.192,643.02259516716,1,1,8.793533869497091e-06,0.004730982400891398,polynomial,1578.1086266093962,46.524593633648,12,6c1e24bf
40,2.300490379333496,0.24035369774919615,0.19905406537676573,36.4744,34.106,4.277,1.0,0.43940776312596186,1751863340,checkpoint_000000,True,False,1,b2d1f45a,2025-07-07_04-42-21,638.9128761291504,638.9128761291504,169716,140-245-28-114,10.19.101.192,638.9128761291504,1,1,4.7837388250053285e-05,0.1462805796636406,polynomial,897.0960807635167,34.805386379569775,12,b2d1f45a
41,3.8502004146575928,0.10530546623794212,0.08446097613156309,36.4856,34.096,4.276,1.0,0.1897664423695052,1751863991,checkpoint_000000,True,False,1,551dea4b,2025-07-07_04-53-12,644.7412569522858,644.7412569522858,172892,140-245-28-114,10.19.101.192,644.7412569522858,1,1,0.00018297291165701122,0.07613318149499429,linear,1200.1249929928535,51.13931265176621,12,551dea4b
42,3.531336784362793,0.15032154340836013,0.11813525883198815,36.494,34.088,4.275,1.0,0.2684568022403483,1751864638,checkpoint_000000,True,False,1,1dc827be,2025-07-07_05-03-59,640.6897048950195,640.6897048950195,176033,140-245-28-114,10.19.101.192,640.6897048950195,1,1,5.639152634808374e-05,0.1493755067788604,polynomial,499.59812913916767,76.65408626567421,12,1dc827be
43,3.4858999252319336,0.17041800643086816,0.13462826163204544,36.4641,34.116,4.278,1.0,0.3050462680629136,1751865290,checkpoint_000000,True,False,1,470b56b2,2025-07-07_05-14-50,645.1289036273956,645.1289036273956,179785,140-245-28-114,10.19.101.192,645.1289036273956,1,1,0.00024277591662852052,0.19557495797880148,polynomial,920.395474990817,17.965768353062888,12,470b56b2
44,3.750274419784546,0.1985530546623794,0.13744620019180415,36.401,34.175,4.286,1.0,0.3359992548541836,1751865935,checkpoint_000000,True,False,1,71728358,2025-07-07_05-25-35,639.351236820221,639.351236820221,183933,140-245-28-114,10.19.101.192,639.351236820221,1,1,8.700350978774661e-05,0.2956132975938711,polynomial,258.7889884464887,54.96454043366957,12,71728358
45,3.786592721939087,0.2057877813504823,0.1300979298700532,36.3877,34.187,4.287,1.0,0.3358857112205355,1751866582,checkpoint_000000,True,False,1,bf6af159,2025-07-07_05-36-23,641.6866309642792,641.6866309642792,187039,140-245-28-114,10.19.101.192,641.6866309642792,1,1,0.0003805503071575445,0.20882675673955448,linear,722.8596044958589,60.91203805164028,12,bf6af159
46,1.6487706899642944,0.3094855305466238,0.11817065684469,36.4499,34.129,4.28,1.0,0.42765618739131384,1751867234,checkpoint_000000,True,False,1,a9a47ff5,2025-07-07_05-47-14,645.0167286396027,645.0167286396027,190166,140-245-28-114,10.19.101.192,645.0167286396027,1,1,0.0007325241605181601,0.1193100443640408,polynomial,393.61899755195867,27.80426336969859,12,a9a47ff5
47,2.0470473766326904,0.19935691318327975,0.12530636085761693,36.5232,34.061,4.271,1.0,0.3246632740408967,1751867886,checkpoint_000000,True,False,1,512fbe43,2025-07-07_05-58-06,645.9123857021332,645.9123857021332,193323,140-245-28-114,10.19.101.192,645.9123857021332,1,1,1.5282470830541198e-05,0.27445701443592674,polynomial,628.2172226289208,21.086470850741506,12,512fbe43
48,3.1547420024871826,0.11495176848874598,0.10605808332244196,36.4046,34.172,4.285,1.0,0.22100985181118793,1751868534,checkpoint_000000,True,False,1,c01071cc,2025-07-07_06-08-55,642.0738327503204,642.0738327503204,196469,140-245-28-114,10.19.101.192,642.0738327503204,1,1,4.731446257208499e-05,0.14037371739694662,linear,837.1264395891967,3.0227902594595726,12,c01071cc
49,1.8957570791244507,0.19694533762057878,0.13703171944852027,36.4058,34.17,4.285,1.0,0.3339770570690991,1751869178,checkpoint_000000,True,False,1,d67dec13,2025-07-07_06-19-39,637.9857931137085,637.9857931137085,199824,140-245-28-114,10.19.101.192,637.9857931137085,1,1,6.03915141749546e-06,0.22027608145898253,polynomial,1033.6408234490418,44.71550058356003,12,d67dec13
50,3.036513566970825,0.17443729903536978,0.12760396233093063,36.5196,34.064,4.272,1.0,0.3020412613663004,1751869830,checkpoint_000000,True,False,1,007da5a1,2025-07-07_06-30-31,645.8321063518524,645.8321063518524,202934,140-245-28-114,10.19.101.192,645.8321063518524,1,1,0.00012203899161251526,0.16373505632259297,cosine,947.38701584917,32.8098976222399,12,007da5a1
51,4.046298980712891,0.1197749196141479,0.09552588376117788,36.4761,34.104,4.277,1.0,0.21530080337532578,1751870482,checkpoint_000000,True,False,1,fa1e9717,2025-07-07_06-41-23,645.6864631175995,645.6864631175995,206097,140-245-28-114,10.19.101.192,645.6864631175995,1,1,0.0003338844436911489,0.17703255241089358,polynomial,1466.2010486969807,27.64769699102968,12,fa1e9717
52,1.6255478858947754,0.2741157556270096,0.1689427063813586,36.463,34.117,4.278,1.0,0.44305846200836824,1751871127,checkpoint_000000,True,False,1,88cf180a,2025-07-07_06-52-08,638.9291145801544,638.9291145801544,209956,140-245-28-114,10.19.101.192,638.9291145801544,1,1,2.2116203125694396e-06,0.2330539103762892,linear,1154.264929034417,36.8289438156747,12,88cf180a
53,2.0240650177001953,0.20096463022508038,0.1568897750751169,36.4081,34.168,4.285,1.0,0.3578544053001973,1751871775,checkpoint_000000,True,False,1,3325b982,2025-07-07_07-02-56,642.0203502178192,642.0203502178192,213740,140-245-28-114,10.19.101.192,642.0203502178192,1,1,2.1679785803125393e-05,0.2600766452179048,polynomial,1382.039903419398,10.956478592945494,12,3325b982
54,1.8678685426712036,0.16881028938906753,0.14081288723667906,36.4655,34.114,4.278,1.0,0.30962317662574657,1751872424,checkpoint_000000,True,False,1,f760badf,2025-07-07_07-13-45,642.4890151023865,642.4890151023865,218333,140-245-28-114,10.19.101.192,642.4890151023865,1,1,1.0675659600626382e-05,0.18874527640282857,cosine,1903.6517793282787,16.242898740792334,12,f760badf
55,1.759003758430481,0.3094855305466238,0.11817065684469,36.4646,34.115,4.278,1.0,0.42765618739131384,1751873075,checkpoint_000000,True,False,1,c45f0086,2025-07-07_07-24-36,645.77321600914,645.77321600914,221675,140-245-28-114,10.19.101.192,645.77321600914,1,1,0.0006853110371873878,0.14243372374781332,polynomial,735.7570085045488,72.1714991183151,12,c45f0086
56,3.146136522293091,0.18006430868167203,0.1482590643693392,36.4258,34.152,4.283,1.0,0.3283233730510112,1751873721,checkpoint_000000,True,False,1,45583419,2025-07-07_07-35-22,639.7646155357361,639.7646155357361,224804,140-245-28-114,10.19.101.192,639.7646155357361,1,1,8.13803086555868e-05,0.156459665574542,linear,597.9814675070005,57.92024492348674,12,45583419
57,1.8804900646209717,0.18167202572347266,0.15055249688188993,36.4233,34.154,4.283,1.0,0.3322245226053626,1751874369,checkpoint_000000,True,False,1,745c2cc4,2025-07-07_07-46-09,640.911271572113,640.911271572113,229360,140-245-28-114,10.19.101.192,640.911271572113,1,1,3.823985947043349e-05,0.25264688024607657,polynomial,1661.299328131,64.686220613111,12,745c2cc4
58,3.6513562202453613,0.1454983922829582,0.1322713571928289,36.4393,34.139,4.281,1.0,0.2777697494757871,1751875017,checkpoint_000000,True,False,1,2033a0f0,2025-07-07_07-56-57,641.6064884662628,641.6064884662628,233403,140-245-28-114,10.19.101.192,641.6064884662628,1,1,0.0001609806624974333,0.09472455077685264,cosine,1119.7192628323128,41.862466116122874,12,2033a0f0
59,4.167706489562988,0.1342443729903537,0.10556478405315614,36.443,34.135,4.281,1.0,0.23980915704350983,1751875666,checkpoint_000000,True,False,1,11c6c556,2025-07-07_08-07-47,643.2507784366608,643.2507784366608,238189,140-245-28-114,10.19.101.192,643.2507784366608,1,1,5.260569961685422e-05,0.209118278935467,polynomial,412.9869962276352,22.44939854053301,12,11c6c556
60,4.0121965408325195,0.08360128617363344,0.06681436107455313,36.4295,34.148,4.282,1.0,0.15041564724818657,1751876314,checkpoint_000000,True,False,1,8f642768,2025-07-07_08-18-35,642.1825258731842,642.1825258731842,242275,140-245-28-114,10.19.101.192,642.1825258731842,1,1,0.0004320214378433056,0.11992538684013507,polynomial,1351.6505640854803,97.67004528209961,12,8f642768
61,1.9764370918273926,0.21463022508038584,0.15086658743080225,36.5106,34.072,4.273,1.0,0.3654968125111881,1751876960,checkpoint_000000,True,False,1,d8bdabd7,2025-07-07_08-29-20,639.6242864131927,639.6242864131927,245561,140-245-28-114,10.19.101.192,639.6242864131927,1,1,1.557419994588018e-05,0.06994934082613083,cosine,1212.2500429993138,93.61786918351368,12,d8bdabd7
62,1.742733120918274,0.18890675241157556,0.1500935051712637,36.4309,34.147,4.282,1.0,0.33900025758283925,1751877612,checkpoint_000000,True,False,1,bce5477a,2025-07-07_08-40-12,645.3441898822784,645.3441898822784,249255,140-245-28-114,10.19.101.192,645.3441898822784,1,1,3.036652335503839e-06,0.19000572214219427,polynomial,788.6480840710866,6.532067025977005,12,bce5477a
63,2.3703155517578125,0.20659163987138263,0.18246946401680642,36.3821,34.193,4.288,1.0,0.38906110388818904,1751878263,checkpoint_000000,True,False,1,a55ce0ee,2025-07-07_08-51-04,645.8971681594849,645.8971681594849,252639,140-245-28-114,10.19.101.192,645.8971681594849,1,1,2.4263584797619578e-05,0.017636433794646716,linear,909.4903807066551,31.29867238014814,12,a55ce0ee
64,3.9136221408843994,0.04983922829581994,0.05584819020602644,36.3743,34.2,4.289,1.0,0.10568741850184638,1751878919,checkpoint_000000,True,False,1,74b48c91,2025-07-07_09-01-59,649.1095283031464,649.1095283031464,255799,140-245-28-114,10.19.101.192,649.1095283031464,1,1,9.567552522791148e-05,0.17122445254084226,polynomial,1031.4859740861689,18.86052310635152,12,74b48c91
65,2.009164333343506,0.21061093247588425,0.16207047632554655,36.4192,34.158,4.283,1.0,0.3726814088014308,1751879563,checkpoint_000000,True,False,1,c5aa74f6,2025-07-07_09-12-43,638.3155169487,638.3155169487,259077,140-245-28-114,10.19.101.192,638.3155169487,1,1,3.3773642222525645e-05,0.03153038329228031,polynomial,1274.1855592377053,34.791675425339584,12,c5aa74f6
66,2.1171059608459473,0.20418006430868169,0.17625126246353645,36.402,34.174,4.285,1.0,0.38043132677221814,1751880212,checkpoint_000000,True,False,1,09ed3866,2025-07-07_09-23-33,643.841715335846,643.841715335846,262177,140-245-28-114,10.19.101.192,643.841715335846,1,1,4.4761108784072124e-05,0.0991348476408011,polynomial,1620.3475952285025,47.57548256574633,12,09ed3866
67,2.1643290519714355,0.19292604501607716,0.16165320682337642,36.4761,34.105,4.277,1.0,0.3545792518394536,1751880857,checkpoint_000000,True,False,1,17804cef,2025-07-07_09-34-18,638.6223714351654,638.6223714351654,265319,140-245-28-114,10.19.101.192,638.6223714351654,1,1,2.7874591522196697e-05,0.08642028439998457,polynomial,1464.0614619561875,39.1799529552204,12,17804cef
68,2.090143918991089,0.19694533762057878,0.15529767292372418,36.5765,34.011,4.265,1.0,0.35224301054430296,1751881511,checkpoint_000000,True,False,1,2a46f08c,2025-07-07_09-45-11,646.6909160614014,646.6909160614014,268445,140-245-28-114,10.19.101.192,646.6909160614014,1,1,1.907211296810055e-05,0.06403189241088628,polynomial,983.4257639670764,53.31063398333311,12,2a46f08c
69,2.6684210300445557,0.21382636655948553,0.14241716587132364,36.4818,34.099,4.276,1.0,0.3562435324308092,1751882162,checkpoint_000000,True,False,1,8e630827,2025-07-07_09-56-02,644.6607658863068,644.6607658863068,271735,140-245-28-114,10.19.101.192,644.6607658863068,1,1,6.0798126154476246e-05,0.23959025079574084,polynomial,1518.593929508989,25.07009992846153,12,8e630827
70,1.8271918296813965,0.19533762057877813,0.1459237515771914,36.4192,34.158,4.283,1.0,0.3412613721559695,1751882810,checkpoint_000000,True,False,1,fe574629,2025-07-07_10-06-51,642.2594990730286,642.2594990730286,274910,140-245-28-114,10.19.101.192,642.2594990730286,1,1,6.453739298364096e-06,0.04131371290749483,polynomial,1742.466188205763,41.54533840403198,12,fe574629
71,2.017115831375122,0.19533762057877813,0.12312449508357612,36.4328,34.145,4.282,1.0,0.3184621156623543,1751883462,checkpoint_000000,True,False,1,65df7e39,2025-07-07_10-17-42,645.3835415840149,645.3835415840149,278177,140-245-28-114,10.19.101.192,645.3835415840149,1,1,9.855969706384628e-06,0.12775638315792365,polynomial,1319.0086094451976,11.468085048136915,12,65df7e39
72,3.5710206031799316,0.24758842443729903,0.21310393878451955,36.4859,34.095,4.276,1.0,0.4606923632218186,1751884113,checkpoint_000000,True,False,1,e16d7870,2025-07-07_10-28-33,645.2310366630554,645.2310366630554,281306,140-245-28-114,10.19.101.192,645.2310366630554,1,1,0.0001912482587903598,0.21460771547905794,polynomial,1408.93972378574,14.738973272880074,12,e16d7870
73,4.230376243591309,0.07717041800643087,0.0866020182894558,36.3973,34.178,4.286,1.0,0.16377243629588667,1751884761,checkpoint_000000,True,False,1,0a9d14e0,2025-07-07_10-39-22,642.9463636875153,642.9463636875153,284494,140-245-28-114,10.19.101.192,642.9463636875153,1,1,0.00012700787638285883,0.18239240783924596,polynomial,1099.4826583789668,35.51677149381323,12,0a9d14e0
74,3.5377357006073,0.1487138263665595,0.13459832734623187,36.4624,34.117,4.278,1.0,0.2833121537127914,1751885408,checkpoint_000000,True,False,1,9aa55c36,2025-07-07_10-50-08,640.1670536994934,640.1670536994934,287733,140-245-28-114,10.19.101.192,640.1670536994934,1,1,0.0001949437684531432,0.21892436571590365,polynomial,1391.6052655753153,8.41138746966528,12,9aa55c36
75,3.7958457469940186,0.1422829581993569,0.1341189494639527,36.5043,34.078,4.273,1.0,0.27640190766330963,1751886058,checkpoint_000000,True,False,1,9ebf15c9,2025-07-07_11-00-59,644.9802463054657,644.9802463054657,290891,140-245-28-114,10.19.101.192,644.9802463054657,1,1,0.00028690021480142793,0.26290627302037056,polynomial,1233.688160333412,2.1535111204571464,12,9ebf15c9
76,3.441312074661255,0.19131832797427653,0.13365313335994122,36.5128,34.07,4.272,1.0,0.3249714613342177,1751886710,checkpoint_000000,True,False,1,1e7c50bc,2025-07-07_11-11-51,645.4812722206116,645.4812722206116,294161,140-245-28-114,10.19.101.192,645.4812722206116,1,1,0.0006123553717443498,0.2025794151345725,cosine,1809.0571590889629,14.78608342734665,12,1e7c50bc
77,3.647315740585327,0.11816720257234727,0.11220868772803885,36.4137,34.163,4.284,1.0,0.23037589030038613,1751887358,checkpoint_000000,True,False,1,a9372b6f,2025-07-07_11-22-39,641.3882465362549,641.3882465362549,297318,140-245-28-114,10.19.101.192,641.3882465362549,1,1,0.00015045330588853875,0.11339212730247263,polynomial,1607.717446771089,26.481500349794974,12,a9372b6f
78,2.1092689037323,0.21221864951768488,0.18803612538625136,36.4528,34.126,4.28,1.0,0.40025477490393624,1751888013,checkpoint_000000,True,False,1,bd19a478,2025-07-07_11-33-33,648.137501001358,648.137501001358,300439,140-245-28-114,10.19.101.192,648.137501001358,1,1,7.299651178660743e-05,0.22712100695100051,polynomial,1936.220326077,29.353166485970156,12,bd19a478
79,4.059837818145752,0.07234726688102894,0.053711193098999827,36.4073,34.169,4.285,1.0,0.12605845998002876,1751888664,checkpoint_000000,True,False,1,54687229,2025-07-07_11-44-25,645.5133183002472,645.5133183002472,303825,140-245-28-114,10.19.101.192,645.5133183002472,1,1,0.00023160112526853725,0.1568037799407668,linear,1163.730213922995,20.321337610231673,12,54687229
80,4.190515995025635,0.1639871382636656,0.12840274723932377,36.4862,34.095,4.276,1.0,0.2923898855029894,1751889317,checkpoint_000000,True,False,1,4cecacf9,2025-07-07_11-55-18,646.4492144584656,646.4492144584656,308487,140-245-28-114,10.19.101.192,646.4492144584656,1,1,0.00010080418004718484,0.2690378359253106,polynomial,882.3671489197737,9.591856661622813,12,4cecacf9
81,1.960137128829956,0.14790996784565916,0.13191078335288342,36.453,34.126,4.279,1.0,0.27982075119854255,1751889964,checkpoint_000000,True,False,1,fc1aab36,2025-07-07_12-06-05,640.3197467327118,640.3197467327118,312201,140-245-28-114,10.19.101.192,640.3197467327118,1,1,1.2985364984561771e-05,0.24782985643429523,polynomial,1708.3874894461135,13.292337907230568,12,fc1aab36
82,3.486923933029175,0.08681672025723473,0.08949547339039224,36.4867,34.095,4.276,1.0,0.17631219364762696,1751890614,checkpoint_000000,True,False,1,afdeecee,2025-07-07_12-16-55,643.8043715953827,643.8043715953827,316356,140-245-28-114,10.19.101.192,643.8043715953827,1,1,0.00037369112104402457,0.28399763002010214,cosine,785.4920435505534,22.67414110823603,12,afdeecee
83,1.5593746900558472,0.27813504823151125,0.1653655859008482,36.3888,34.186,4.287,1.0,0.44350063413235946,1751891267,checkpoint_000000,True,False,1,33a8efa3,2025-07-07_12-27-47,646.5010619163513,646.5010619163513,319508,140-245-28-114,10.19.101.192,646.5010619163513,1,1,1.0512822137543493e-06,0.16827024830325127,polynomial,1435.00861194355,31.169940645293742,12,33a8efa3
84,4.800020694732666,0.07315112540192927,0.07600287029352343,36.377,34.197,4.288,1.0,0.14915399569545268,1751891923,checkpoint_000000,True,False,1,75293407,2025-07-07_12-38-43,649.462797164917,649.462797164917,322657,140-245-28-114,10.19.101.192,649.462797164917,1,1,0.0004861636112379956,0.13671614612890304,linear,987.5649106350725,18.21279779949263,12,75293407
85,1.8988711833953857,0.24356913183279744,0.2143834162862396,36.4232,34.154,4.283,1.0,0.4579525481190371,1751892575,checkpoint_000000,True,False,1,594b52e3,2025-07-07_12-49-36,646.0205416679382,646.0205416679382,325815,140-245-28-114,10.19.101.192,646.0205416679382,1,1,3.480878113169797e-05,0.21337161255793263,polynomial,1063.7868388695379,15.815423943363001,12,594b52e3
86,3.270925283432007,0.21463022508038584,0.1388674688395229,36.4566,34.123,4.279,1.0,0.3534976939199087,1751893227,checkpoint_000000,True,False,1,fe75f60a,2025-07-07_13-00-27,645.2197291851044,645.2197291851044,328956,140-245-28-114,10.19.101.192,645.2197291851044,1,1,8.376304077356636e-05,0.195765342149834,polynomial,1536.7949699051496,85.26690687613262,12,fe75f60a
87,3.8308632373809814,0.15755627009646303,0.11740609078929784,36.4018,34.174,4.286,1.0,0.27496236088576087,1751893875,checkpoint_000000,True,False,1,92ab69ee,2025-07-07_13-11-16,642.485161781311,642.485161781311,332240,140-245-28-114,10.19.101.192,642.485161781311,1,1,0.00011136512137249157,0.2995177592784064,polynomial,1328.6821739171055,3.155059106354429,12,92ab69ee
88,2.455498456954956,0.22266881028938906,0.18583527128380373,36.4171,34.16,4.284,1.0,0.4085040815731928,1751894524,checkpoint_000000,True,False,1,add2be80,2025-07-07_13-22-05,643.5328786373138,643.5328786373138,335447,140-245-28-114,10.19.101.192,643.5328786373138,1,1,6.88101177880571e-05,0.20867509201364617,cosine,1801.9081276679183,1.3517239814086164,12,add2be80
89,2.0468955039978027,0.2090032154340836,0.17243464967212407,36.4069,34.169,4.285,1.0,0.3814378651062077,1751895173,checkpoint_000000,True,False,1,fa894aa9,2025-07-07_13-32-54,642.5029528141022,642.5029528141022,338605,140-245-28-114,10.19.101.192,642.5029528141022,1,1,3.5574298996486e-05,0.23320530431036426,polynomial,1175.9767618320639,5.376178222508704,12,fa894aa9
90,3.2470076084136963,0.14067524115755628,0.13310788763293444,36.4425,34.136,4.281,1.0,0.2737831287904907,1751895825,checkpoint_000000,True,False,1,6b957dc8,2025-07-07_13-43-46,646.0947523117065,646.0947523117065,343158,140-245-28-114,10.19.101.192,646.0947523117065,1,1,0.00014331656428165953,0.2807501292326983,linear,1398.4528668019323,15.165386441277382,12,6b957dc8
91,1.9132918119430542,0.20016077170418006,0.18223679668138132,36.3993,34.176,4.286,1.0,0.3823975683855614,1751896477,checkpoint_000000,True,False,1,5a85b940,2025-07-07_13-54-38,646.2743103504181,646.2743103504181,347078,140-245-28-114,10.19.101.192,646.2743103504181,1,1,2.2156410760292383e-05,0.1841393390995492,polynomial,1246.3561996841358,0.24915930264091735,12,5a85b940
92,3.6259729862213135,0.08440514469453377,0.07829268964229781,36.4821,34.099,4.276,1.0,0.16269783433683158,1751897126,checkpoint_000000,True,False,1,79224062,2025-07-07_14-05-26,642.3745748996735,642.3745748996735,350713,140-245-28-114,10.19.101.192,642.3745748996735,1,1,0.0001764186757995985,0.2541839242970095,polynomial,674.5247546008728,7.251268948490019,12,79224062
93,3.4398109912872314,0.12138263665594855,0.09690628706282399,36.4031,34.173,4.285,1.0,0.21828892371877254,1751897777,checkpoint_000000,True,False,1,f7397ce3,2025-07-07_14-16-18,645.8362369537354,645.8362369537354,354004,140-245-28-114,10.19.101.192,645.8362369537354,1,1,0.00032566912878184695,0.21710610212685605,cosine,1576.7930776997136,20.61430958136776,12,f7397ce3
94,1.8666874170303345,0.20659163987138263,0.16150687720570966,36.4864,34.095,4.276,1.0,0.3680985170770923,1751898432,checkpoint_000000,True,False,1,27f81323,2025-07-07_14-27-12,648.4689524173737,648.4689524173737,357129,140-245-28-114,10.19.101.192,648.4689524173737,1,1,1.6308424965831548e-05,0.2320573462395062,polynomial,1061.8581408171272,12.837764683759909,12,27f81323
95,2.0410940647125244,0.20739549839228297,0.16094741969428122,36.4305,34.147,4.282,1.0,0.36834291808656416,1751899080,checkpoint_000000,True,False,1,99b80d56,2025-07-07_14-38-01,642.8778109550476,642.8778109550476,360403,140-245-28-114,10.19.101.192,642.8778109550476,1,1,4.373763410998961e-05,0.2417862470106017,linear,1992.507986584284,10.263166698030583,12,99b80d56
96,3.4319229125976562,0.12781350482315113,0.11419985678333743,36.4003,34.176,4.286,1.0,0.24201336160648856,1751899732,checkpoint_000000,True,False,1,0b2be4e8,2025-07-07_14-48-52,645.348922252655,645.348922252655,364977,140-245-28-114,10.19.101.192,645.348922252655,1,1,0.0002596048747619324,0.16238416247688792,polynomial,1667.7351396630297,4.854138040516398,12,0b2be4e8
97,1.7575377225875854,0.227491961414791,0.164850061951055,36.4452,34.133,4.28,1.0,0.392342023365846,1751900382,checkpoint_000000,True,False,1,8cfce56a,2025-07-07_14-59-43,644.8150236606598,644.8150236606598,369362,140-245-28-114,10.19.101.192,644.8150236606598,1,1,4.899201650115328e-06,0.2666392644214555,polynomial,1442.0108114181692,25.14292915327401,12,8cfce56a
98,3.7704694271087646,0.1752411575562701,0.1097364086889823,36.5069,34.076,4.273,1.0,0.2849775662452524,1751901035,checkpoint_000000,True,False,1,953c8f4b,2025-07-07_15-10-36,646.7509121894836,646.7509121894836,373143,140-245-28-114,10.19.101.192,646.7509121894836,1,1,0.0002033045296514274,0.20287726952099583,polynomial,1868.5876263567795,32.678247741379074,12,953c8f4b
99,3.329198122024536,0.2644694533762058,0.12851080592907307,36.4678,34.112,4.278,1.0,0.3929802593052789,1751901688,checkpoint_000000,True,False,1,753d4c3b,2025-07-07_15-21-28,645.8724091053009,645.8724091053009,377669,140-245-28-114,10.19.101.192,645.8724091053009,1,1,0.0008805169166304527,0.17555350629406663,cosine,1477.2206965368157,17.088376902689504,12,753d4c3b
100,2.7904672622680664,0.2170418006430868,0.15774375937215884,36.4496,34.129,4.28,1.0,0.37478556001524566,1751902337,checkpoint_000000,True,False,1,77e4aeb9,2025-07-07_15-32-18,642.9887280464172,642.9887280464172,381571,140-245-28-114,10.19.101.192,642.9887280464172,1,1,5.644223423292941e-05,0.19322990311427876,polynomial,1122.749477120275,38.398492348328574,12,77e4aeb9
101,3.426239013671875,0.18569131832797428,0.1517371906684388,36.4931,34.089,4.275,1.0,0.3374285089964131,1751902989,checkpoint_000000,True,False,1,ac8635ca,2025-07-07_15-43-09,645.8931174278259,645.8931174278259,385840,140-245-28-114,10.19.101.192,645.8931174278259,1,1,0.00011100120806404165,0.294793976252811,linear,1297.5423164487459,27.752280129249666,12,ac8635ca
102,3.260512590408325,0.14389067524115756,0.12086726097905298,36.3662,34.208,4.29,1.0,0.26475793622021054,1751903639,checkpoint_000000,True,False,1,eb9fb8ad,2025-07-07_15-53-59,643.4011650085449,643.4011650085449,389622,140-245-28-114,10.19.101.192,643.4011650085449,1,1,0.0005750270726898539,0.14999236346589429,polynomial,954.9174187176361,43.84106911250002,12,eb9fb8ad
103,1.9764647483825684,0.21141479099678456,0.18155841402264297,36.4166,34.16,4.284,1.0,0.39297320501942756,1751904287,checkpoint_000000,True,False,1,bac6a06c,2025-07-07_16-04-48,643.111138343811,643.111138343811,392780,140-245-28-114,10.19.101.192,643.111138343811,1,1,1.218397074154287e-05,0.2529820294970656,polynomial,568.540913515672,60.28463820451594,12,bac6a06c
104,2.0535695552825928,0.20176848874598072,0.17294315343762012,36.4587,34.121,4.279,1.0,0.37471164218360087,1751904940,checkpoint_000000,True,False,1,594776bb,2025-07-07_16-15-40,646.5355880260468,646.5355880260468,396044,140-245-28-114,10.19.101.192,646.5355880260468,1,1,3.110986625028894e-05,0.22307156212122872,polynomial,1364.9291022897996,23.01606551815152,12,594776bb
105,3.327629327774048,0.09485530546623794,0.06538435813974228,36.4358,34.142,4.282,1.0,0.16023966360598021,1751905590,checkpoint_000000,True,False,1,8a47cfd8,2025-07-07_16-26-30,643.1885771751404,643.1885771751404,399211,140-245-28-114,10.19.101.192,643.1885771751404,1,1,0.00042752045597952034,0.21246596547387564,cosine,807.3927822133203,49.057192786768546,12,8a47cfd8
106,1.9840959310531616,0.21463022508038584,0.18167830748845018,36.4228,34.154,4.283,1.0,0.396308532568836,1751906236,checkpoint_000000,True,False,1,27df1905,2025-07-07_16-37-17,640.5247168540955,640.5247168540955,404136,140-245-28-114,10.19.101.192,640.5247168540955,1,1,2.5384025870772863e-05,0.24778722538303566,polynomial,1505.1963560811478,57.150827018195315,12,27df1905
